-- 시퀀스 생성
DROP SEQUENCE SEQ_COMMENTS_CODE;
DROP SEQUENCE SEQ_BOARD_CODE;
DROP SEQUENCE SEQ_EVENT_CODE;
DROP SEQUENCE SEQ_CS_BOARD_CODE;
DROP SEQUENCE SEQ_SHOES_CATEGORY_CODE;
DROP SEQUENCE SEQ_SHOES_CODE;
DROP SEQUENCE SEQ_WISHLIST_CODE;
DROP SEQUENCE SEQ_RT_CODE;
DROP SEQUENCE SEQ_ST_CODE;
DROP SEQUENCE SEQ_CATEGORY_FAQ_CODE;
DROP SEQUENCE SEQ_CATEGORY_NOTICE_CODE;
DROP SEQUENCE SEQ_CATEGORY_RESELL_CODE;
DROP SEQUENCE SEQ_ADDRESS_CODE;

CREATE SEQUENCE SEQ_COMMENTS_CODE
START WITH 1;
CREATE SEQUENCE SEQ_BOARD_CODE
START WITH 1;
CREATE SEQUENCE SEQ_EVENT_CODE
START WITH 1;
CREATE SEQUENCE SEQ_CS_BOARD_CODE
START WITH 1;
CREATE SEQUENCE SEQ_SHOES_CATEGORY_CODE
START WITH 1;
CREATE SEQUENCE SEQ_SHOES_CODE
START WITH 1;
CREATE SEQUENCE SEQ_WISHLIST_CODE
START WITH 1;
CREATE SEQUENCE SEQ_RT_CODE
START WITH 1;
CREATE SEQUENCE SEQ_ST_CODE
START WITH 1;
CREATE SEQUENCE SEQ_CATEGORY_FAQ_CODE
START WITH 1;
CREATE SEQUENCE SEQ_CATEGORY_NOTICE_CODE
START WITH 1;
CREATE SEQUENCE SEQ_CATEGORY_RESELL_CODE
START WITH 1;
CREATE SEQUENCE SEQ_ADDRESS_CODE
START WITH 1;

-- 테이블 생성
DROP TABLE RESELL_THUMB CASCADE CONSTRAINTS;
DROP TABLE COMMENTS CASCADE CONSTRAINTS;
DROP TABLE BOARD_CATEGORY CASCADE CONSTRAINTS;
DROP TABLE WINNER CASCADE CONSTRAINTS;
DROP TABLE RESELL_FILE CASCADE CONSTRAINTS;
DROP TABLE BOARD CASCADE CONSTRAINTS;
DROP TABLE RESELL_TRADE CASCADE CONSTRAINTS;
DROP TABLE MANAGER CASCADE CONSTRAINTS;
DROP TABLE EVENT CASCADE CONSTRAINTS;
DROP TABLE CS_BOARD CASCADE CONSTRAINTS;
DROP TABLE CS_BOARD_FILE CASCADE CONSTRAINTS;
DROP TABLE SHOES_CATEGORY CASCADE CONSTRAINTS;
DROP TABLE SHOES_INFO CASCADE CONSTRAINTS;
DROP TABLE WISHLIST CASCADE CONSTRAINTS;
DROP TABLE SHOES_THUMB CASCADE CONSTRAINTS;
DROP TABLE SHOES_FILE CASCADE CONSTRAINTS;
DROP TABLE SHOES_SIZE CASCADE CONSTRAINTS;
DROP TABLE MEMBER CASCADE CONSTRAINTS;
DROP TABLE ADDRESS CASCADE CONSTRAINTS;

CREATE TABLE MEMBER (
	MEMBER_ID	VARCHAR2(30)		NOT NULL,
	NAME	VARCHAR2(30)		NOT NULL,
	PWD	VARCHAR2(255)		NOT NULL,
	EMAIL	VARCHAR2(50)		NOT NULL UNIQUE,
	PHONE_NO	VARCHAR2(30)		NOT NULL UNIQUE,
	ENROLL_DATE	DATE		NOT NULL,
	BLACK_REASON	VARCHAR2(100)		NULL,
	BLACKLIST_YN	VARCHAR2(1)	DEFAULT 'N'	NOT NULL,
	WITHDRAW_YN	VARCHAR2(1)	DEFAULT 'N'	NOT NULL,
	BIRTH	VARCHAR2(30)		NOT NULL,
    ROLE VARCHAR2(30) NOT NULL,
    CONSTRAINT UK_BLACKLIST_YN CHECK(BLACKLIST_YN IN ('Y', 'N')),
    CONSTRAINT UK_WITHDRAW_YN CHECK(WITHDRAW_YN IN ('Y', 'N'))
);

COMMENT ON COLUMN MEMBER.MEMBER_ID IS '아이디';
COMMENT ON COLUMN MEMBER.NAME IS '이름';
COMMENT ON COLUMN MEMBER.PWD IS '비밀번호';
COMMENT ON COLUMN MEMBER.EMAIL IS '이메일';
COMMENT ON COLUMN MEMBER.PHONE_NO IS '휴대폰번호';
COMMENT ON COLUMN MEMBER.ENROLL_DATE IS '가입일자';
COMMENT ON COLUMN MEMBER.BLACK_REASON IS '블랙리스트 사유';
COMMENT ON COLUMN MEMBER.BLACKLIST_YN IS '블랙리스트 여부';
COMMENT ON COLUMN MEMBER.WITHDRAW_YN IS '탈퇴여부';
COMMENT ON COLUMN MEMBER.BIRTH IS '생년월일';
COMMENT ON COLUMN MEMBER.ROLE IS '생년월일';

CREATE TABLE BOARD (
	BOARD_NO	NUMBER		NOT NULL,
	BOARD_ID	VARCHAR2(30)		NOT NULL,
	BOARD_CATEGORY_NO	NUMBER		NOT NULL,
	BOARD_TITLE	VARCHAR2(100)		NOT NULL,
	BOARD_CONTENT	CLOB		NOT NULL,
	BOARD_REGDATE	DATE		NOT NULL,
	BOARD_HIT	NUMBER DEFAULT 0	NOT NULL,
	CATEGORY_ORDER	NUMBER		NOT NULL
);

COMMENT ON COLUMN BOARD.BOARD_NO IS '게시글 번호';
COMMENT ON COLUMN BOARD.BOARD_ID IS '아이디';
COMMENT ON COLUMN BOARD.BOARD_CATEGORY_NO IS '게시글 카테고리 번호';
COMMENT ON COLUMN BOARD.BOARD_TITLE IS '제목';
COMMENT ON COLUMN BOARD.BOARD_CONTENT IS '내용';
COMMENT ON COLUMN BOARD.BOARD_REGDATE IS '작성일자';
COMMENT ON COLUMN BOARD.BOARD_HIT IS '조회수';
COMMENT ON COLUMN BOARD.CATEGORY_ORDER IS '카테고리별 순서';

CREATE TABLE EVENT (
	EVENT_NO	NUMBER		NOT NULL,
	EVENT_ID	VARCHAR2(30)		NOT NULL,
	EVENT_SHOES_ID	NUMBER		NOT NULL,
	EVENT_DATE	DATE		NOT NULL,
	RANDOM_NO	NUMBER		NOT NULL,
	EVENT_STATUS	VARCHAR2(1)	NOT NULL,
    CONSTRAINT UK_EVENT_STATUS CHECK(EVENT_STATUS IN ('1', '2', '3', '4', '5'))
);

COMMENT ON COLUMN EVENT.EVENT_NO IS '응모번호';
COMMENT ON COLUMN EVENT.EVENT_ID IS '상품명';
COMMENT ON COLUMN EVENT.EVENT_SHOES_ID IS '응모신발번호';
COMMENT ON COLUMN EVENT.EVENT_DATE IS '응모일자';
COMMENT ON COLUMN EVENT.RANDOM_NO IS '랜덤우선순위';
COMMENT ON COLUMN EVENT.EVENT_STATUS IS '응모상태(1:미당첨, 2:구매안함, 3:구매함 4:배송중 5:배송완료)';

CREATE TABLE WISHLIST (
	WISH_NO	NUMBER		NOT NULL,
	WISH_ID	VARCHAR2(30)		NOT NULL,
	WISH_SHOES_NO	NUMBER		NOT NULL
);

COMMENT ON COLUMN WISHLIST.WISH_NO IS '목록 번호';
COMMENT ON COLUMN WISHLIST.WISH_ID IS '아이디';
COMMENT ON COLUMN WISHLIST.WISH_SHOES_NO IS '신발번호';

CREATE TABLE MANAGER (
	MANAGER_ID	VARCHAR2(30)		NOT NULL,
	MANAGER_PWD	VARCHAR2(30)		NOT NULL
);

COMMENT ON COLUMN MANAGER.MANAGER_ID IS '관리자 아이디';
COMMENT ON COLUMN MANAGER.MANAGER_PWD IS '관리자 비밀번호';

CREATE TABLE BOARD_CATEGORY (
	CATEGORY_NO	NUMBER		NOT NULL,
	CATEGORY_NAME	VARCHAR2(30)		NOT NULL
);

COMMENT ON COLUMN BOARD_CATEGORY.CATEGORY_NO IS '게시글카테고리 번호';
COMMENT ON COLUMN BOARD_CATEGORY.CATEGORY_NAME IS '카테고리명';

CREATE TABLE SHOES_INFO (
	SHOES_NO	NUMBER		NOT NULL,
	INFO_CATEGORY_NO	NUMBER		NOT NULL,
	SHOES_MODEL	VARCHAR2(50)		NOT NULL,
	SHOES_PRICE	NUMBER		NOT NULL,
	SALES_YN	VARCHAR2(1)	DEFAULT 'Y'	NOT NULL,
	SALES_AMOUNT	NUMBER	DEFAULT 0	NOT NULL,
	REAMANING_AMOUNT	NUMBER		NOT NULL,
    START_DATE	DATE		NOT NULL,
    END_DATE	DATE		NOT NULL,
    WINNER_DATE	DATE		NOT NULL,
    EVENT_END_YN VARCHAR2(1) DEFAULT 'N' NOT NULL,
    CONSTRAINT UK_SALES_YN CHECK(SALES_YN IN ('Y', 'N')),
    CONSTRAINT UK_EVENT_END_YN CHECK(EVENT_END_YN IN ('Y', 'N'))
);

COMMENT ON COLUMN SHOES_INFO.SHOES_NO IS '신발번호';
COMMENT ON COLUMN SHOES_INFO.INFO_CATEGORY_NO IS '신발카테고리번호';
COMMENT ON COLUMN SHOES_INFO.SHOES_MODEL IS '모델명';
COMMENT ON COLUMN SHOES_INFO.SHOES_PRICE IS '발매가';
COMMENT ON COLUMN SHOES_INFO.SALES_YN IS '판매 여부';
COMMENT ON COLUMN SHOES_INFO.SALES_AMOUNT IS '판매수량';
COMMENT ON COLUMN SHOES_INFO.REAMANING_AMOUNT IS '잔여수량';
COMMENT ON COLUMN SHOES_INFO.START_DATE IS '응모 시작일';
COMMENT ON COLUMN SHOES_INFO.END_DATE IS '응모 종료일';
COMMENT ON COLUMN SHOES_INFO.WINNER_DATE IS '당첨자 발표일';

CREATE TABLE SHOES_CATEGORY (
	SHOES_CATEGORY_NO	NUMBER		NOT NULL,
	SHOES_CATEGORY_NAME	VARCHAR2(30)		NOT NULL
);

COMMENT ON COLUMN SHOES_CATEGORY.SHOES_CATEGORY_NO IS '신발카테고리번호';
COMMENT ON COLUMN SHOES_CATEGORY.SHOES_CATEGORY_NAME IS '신발카테고리명';

CREATE TABLE WINNER (
	WINNER_ID	VARCHAR2(30)		NOT NULL,
	WINNER_NO	NUMBER		NOT NULL,
	WINNER_YN	VARCHAR2(1)	DEFAULT 'Y'	NOT NULL,
	WINNER_DEADLINE	DATE		NOT NULL,
    CONSTRAINT UK_WINNER_YN CHECK(WINNER_YN IN ('Y', 'N'))
);

COMMENT ON COLUMN WINNER.WINNER_ID IS '아이디';
COMMENT ON COLUMN WINNER.WINNER_NO IS '응모 번호';
COMMENT ON COLUMN WINNER.WINNER_YN IS '구매 상태';
COMMENT ON COLUMN WINNER.WINNER_DEADLINE IS '구매 기한';

CREATE TABLE SHOES_SIZE (
	SHOES_SIZE	NUMBER		NOT NULL,
	SHOES_SIZE_NO	NUMBER		NOT NULL
);

COMMENT ON COLUMN SHOES_SIZE.SHOES_SIZE IS '신발 사이즈';
COMMENT ON COLUMN SHOES_SIZE.SHOES_SIZE_NO IS '신발 번호';

CREATE TABLE COMMENTS (
	COMMENTS_NO	NUMBER		NOT NULL,
	BOARD_COMMENTS_NO	NUMBER		NOT NULL,
	COMMENTS_CONTENT	CLOB		NOT NULL,
	COMMENTS_YN	VARCHAR2(1)	DEFAULT 'Y'	NOT NULL,
	COMMENTS_REGDATE	DATE		NOT NULL,
    CONSTRAINT UK_COMMENTS_YN CHECK(COMMENTS_YN IN ('Y', 'N'))
);

COMMENT ON COLUMN COMMENTS.COMMENTS_NO IS '댓글번호';
COMMENT ON COLUMN COMMENTS.BOARD_COMMENTS_NO IS '게시글번호';
COMMENT ON COLUMN COMMENTS.COMMENTS_CONTENT IS '댓글내용';
COMMENT ON COLUMN COMMENTS.COMMENTS_YN IS '공개여부';
COMMENT ON COLUMN COMMENTS.COMMENTS_REGDATE IS '등록일자';

CREATE TABLE RESELL_TRADE (
	RT_NO	NUMBER		NOT NULL,
	RT_BUYER	VARCHAR2(30)		NOT NULL,
	RT_CONTENT	CLOB		NOT NULL,
	RT_REGDATE	DATE		NOT NULL
);

COMMENT ON COLUMN RESELL_TRADE.RT_NO IS '게시글 번호';
COMMENT ON COLUMN RESELL_TRADE.RT_BUYER IS '구매자';
COMMENT ON COLUMN RESELL_TRADE.RT_CONTENT IS '후기 내용';
COMMENT ON COLUMN RESELL_TRADE.RT_REGDATE IS '작성일자';

CREATE TABLE CS_BOARD (
	CS_NO	NUMBER		NOT NULL,
	CS_ID	VARCHAR2(30)		NOT NULL,
	CS_TITLE	VARCHAR2(100)		NOT NULL,
	CS_CONTENT	CLOB		NOT NULL,
	CS_REGDATE	DATE		NOT NULL
);

COMMENT ON COLUMN CS_BOARD.CS_NO IS '게시글 번호';
COMMENT ON COLUMN CS_BOARD.CS_ID IS '아이디';
COMMENT ON COLUMN CS_BOARD.CS_TITLE IS '제목';
COMMENT ON COLUMN CS_BOARD.CS_CONTENT IS '내용';
COMMENT ON COLUMN CS_BOARD.CS_REGDATE IS '작성일자';

CREATE TABLE CS_BOARD_FILE (
	CS_FILE	VARCHAR2(30)		NOT NULL,
	CS_FILE_NO	NUMBER		NOT NULL
);

COMMENT ON COLUMN CS_BOARD_FILE.CS_FILE IS '파일명';
COMMENT ON COLUMN CS_BOARD_FILE.CS_FILE_NO IS '고객문의글 번호';

CREATE TABLE SHOES_FILE (
	SHOES_FILENAME	VARCHAR2(255)	NOT NULL,
	SHOES_FILE_NO	NUMBER	NOT NULL
);

COMMENT ON COLUMN SHOES_FILE.SHOES_FILENAME IS '신발 파일명';
COMMENT ON COLUMN SHOES_FILE.SHOES_FILE_NO IS '신발번호';

CREATE TABLE RESELL_FILE (
	RESELL_FILENAME	VARCHAR2(255)		NOT NULL,
	RESELL_NO	NUMBER		NOT NULL
);

COMMENT ON COLUMN RESELL_FILE.RESELL_FILENAME IS '리셀 파일명';
COMMENT ON COLUMN RESELL_FILE.RESELL_NO IS '게시글 번호';

ALTER TABLE MEMBER ADD CONSTRAINT PK_MEMBER PRIMARY KEY (
	MEMBER_ID
);

ALTER TABLE BOARD ADD CONSTRAINT PK_BOARD PRIMARY KEY (
	BOARD_NO
);

ALTER TABLE EVENT ADD CONSTRAINT PK_EVENT PRIMARY KEY (
	EVENT_NO
);

ALTER TABLE WISHLIST ADD CONSTRAINT PK_WISHLIST PRIMARY KEY (
	WISH_NO
);

ALTER TABLE MANAGER ADD CONSTRAINT PK_MANAGER PRIMARY KEY (
	MANAGER_ID
);

ALTER TABLE BOARD_CATEGORY ADD CONSTRAINT PK_BOARD_CATEGORY PRIMARY KEY (
	CATEGORY_NO
);

ALTER TABLE SHOES_INFO ADD CONSTRAINT PK_SHOES_INFO PRIMARY KEY (
	SHOES_NO
);

ALTER TABLE SHOES_CATEGORY ADD CONSTRAINT PK_SHOES_CATEGORY PRIMARY KEY (
	SHOES_CATEGORY_NO
);

ALTER TABLE SHOES_INFO ADD CONSTRAINT FK_SC_TO_SHOES_INFO_1 FOREIGN KEY (
	INFO_CATEGORY_NO
)
REFERENCES SHOES_CATEGORY (
	SHOES_CATEGORY_NO
);

ALTER TABLE WINNER ADD CONSTRAINT PK_WINNER PRIMARY KEY (
	WINNER_ID,
    WINNER_NO
);

ALTER TABLE SHOES_SIZE ADD CONSTRAINT PK_SHOES_SIZE PRIMARY KEY (
	SHOES_SIZE,
	SHOES_SIZE_NO
);

ALTER TABLE COMMENTS ADD CONSTRAINT PK_COMMENT PRIMARY KEY (
	COMMENTS_NO
);

ALTER TABLE CS_BOARD ADD CONSTRAINT PK_CS_BOARD PRIMARY KEY (
	CS_NO
);

ALTER TABLE CS_BOARD ADD CONSTRAINT FK_MEMBER_TO_CS_BOARD_1 FOREIGN KEY (
	CS_ID
)
REFERENCES MEMBER (
	MEMBER_ID
);

ALTER TABLE CS_BOARD_FILE ADD CONSTRAINT PK_CS_BOARD_FILE PRIMARY KEY (
	CS_FILE,
	CS_FILE_NO
);

ALTER TABLE WINNER ADD CONSTRAINT FK_MEMBER_TO_WINNER_1 FOREIGN KEY (
	WINNER_ID
)
REFERENCES MEMBER (
	MEMBER_ID
);

ALTER TABLE WINNER ADD CONSTRAINT FK_MEMBER_TO_WINNER_2 FOREIGN KEY (
	WINNER_NO
)
REFERENCES EVENT (
	EVENT_NO
);

ALTER TABLE EVENT ADD CONSTRAINT FK_MEMBER_TO_EVENT_1 FOREIGN KEY (
	EVENT_ID
)
REFERENCES MEMBER (
	MEMBER_ID
);

ALTER TABLE EVENT ADD CONSTRAINT FK_SHOES_INFO_TO_EVENT_1 FOREIGN KEY (
	EVENT_SHOES_ID
)
REFERENCES SHOES_INFO (
	SHOES_NO
);


ALTER TABLE RESELL_FILE ADD CONSTRAINT FK_BOARD_TO_RESELL_FILE_1 FOREIGN KEY (
	RESELL_NO
)
REFERENCES BOARD (
	BOARD_NO
);

ALTER TABLE SHOES_SIZE ADD CONSTRAINT FK_SHOES_INFO_TO_SHOES_SIZE_1 FOREIGN KEY (
	SHOES_SIZE_NO
)
REFERENCES SHOES_INFO (
	SHOES_NO
);

ALTER TABLE RESELL_TRADE ADD CONSTRAINT FK_BOARD_TO_RESELL_TRADE_1 FOREIGN KEY (
	RT_NO
)
REFERENCES BOARD (
	BOARD_NO
);

ALTER TABLE RESELL_TRADE ADD CONSTRAINT FK_MEMBER_TO_RESELL_TRADE_1 FOREIGN KEY (
	RT_BUYER
)
REFERENCES MEMBER (
	MEMBER_ID
);

ALTER TABLE CS_BOARD_FILE ADD CONSTRAINT FK_CS_BOARD_TO_CS_BOARD_FILE_1 FOREIGN KEY (
	CS_FILE_NO
)
REFERENCES CS_BOARD (
	CS_NO
);

ALTER TABLE SHOES_FILE ADD CONSTRAINT PK_SHOES_FILE PRIMARY KEY (
	SHOES_FILENAME,
	SHOES_FILE_NO
);

ALTER TABLE SHOES_FILE ADD CONSTRAINT FK_SHOES_INFO_TO_SHOES_FILE_1 FOREIGN KEY (
	SHOES_FILE_NO
)
REFERENCES SHOES_INFO (
	SHOES_NO
);

ALTER TABLE RESELL_FILE ADD CONSTRAINT PK_RESELL_FILE PRIMARY KEY (
	RESELL_FILENAME,
	RESELL_NO
);



ALTER TABLE COMMENTS ADD CONSTRAINT FK_BOARD_TO_COMMENTS_1 FOREIGN KEY (
	BOARD_COMMENTS_NO
)
REFERENCES BOARD (
	BOARD_NO
);

ALTER TABLE BOARD ADD CONSTRAINT FK_BOARD_CATEGORY_TO_BOARD_1 FOREIGN KEY (
	BOARD_CATEGORY_NO
)
REFERENCES BOARD_CATEGORY (
	CATEGORY_NO
);

ALTER TABLE BOARD ADD CONSTRAINT FK_MEMBER_TO_BOARD_3 FOREIGN KEY (
	BOARD_ID
)
REFERENCES MEMBER (
	MEMBER_ID
);

ALTER TABLE WISHLIST ADD CONSTRAINT FK_MEMBER_TO_WISHLIST_3 FOREIGN KEY (
	WISH_ID
)
REFERENCES MEMBER (
	MEMBER_ID
);

ALTER TABLE WISHLIST ADD CONSTRAINT FK_SHOES_INFO_TO_WISHLIST_3 FOREIGN KEY (
	WISH_SHOES_NO
)
REFERENCES SHOES_INFO (
	SHOES_NO
);



CREATE TABLE RESELL_THUMB (
	RT_NO	NUMBER		NOT NULL PRIMARY KEY,
	RT_FILE	VARCHAR2(255)		NOT NULL,
    CONSTRAINT FK_RT_NO FOREIGN KEY (RT_NO) 
    REFERENCES BOARD (BOARD_NO) ON DELETE CASCADE
);

COMMENT ON COLUMN RESELL_THUMB.RT_NO IS '리셀 섬네일 번호';
COMMENT ON COLUMN RESELL_THUMB.RT_FILE IS '리셀 섬네일 파일명';

CREATE TABLE SHOES_THUMB (
	ST_NO	NUMBER		NOT NULL,
	ST_FILE	VARCHAR2(255)		NOT NULL,
    CONSTRAINT FK_ST_NO FOREIGN KEY (ST_NO)
    REFERENCES SHOES_INFO (SHOES_NO) ON DELETE CASCADE
);

COMMENT ON COLUMN SHOES_THUMB.ST_NO IS '섬네일파일번호';
COMMENT ON COLUMN SHOES_THUMB.ST_FILE IS '섬네일파일명';

CREATE TABLE ADDRESS (
    ADDRESS_NO NUMBER,
    ADDRESS_ID VARCHAR2(30) NOT NULL,
    ADDRESS_ZIP VARCHAR2(255) NOT NULL,
    ADDRESS_DETAIL VARCHAR2(255) NOT NULL,
    ADDRESS_NAME VARCHAR2(255) NOT NULL
);

ALTER TABLE ADDRESS ADD CONSTRAINT PK_ADDRESS PRIMARY KEY (
	ADDRESS_NO,
	ADDRESS_ID
);

ALTER TABLE ADDRESS ADD CONSTRAINT FK_MEMBER_TO_ADDRESS_1 FOREIGN KEY (
	ADDRESS_ID
)
REFERENCES MEMBER (
	MEMBER_ID
);


-- 회원 정보 MEMBER INSERT
INSERT INTO MEMBER VALUES ('USER01', '한호열', 'RaydacNxCy9naFpEGZrXFAvil9yLh70qB4O7kWCeHxg=', 'tightPassion@naver.com',
                           '01012345678', SYSDATE, NULL,
                           DEFAULT, DEFAULT, '19821214', 'MEMBER');
INSERT INTO MEMBER VALUES ('USER02', '김정은', 'lPMbZP3mPzFMeAlpwUPmVZR0LRBR80oY/TIlBmmYiTw=', 'northBoss@naver.com',
                           '01023456789', SYSDATE, NULL,
                           DEFAULT, DEFAULT, '19840108', 'MEMBER');
INSERT INTO MEMBER VALUES ('USER03', '이지은', 'axgbcfoUQKQLuM+RqXXfs2m9O4RX/OXVOWbkc61qXtU=', 'leeNow@naver.com',
                           '01034567890', SYSDATE, NULL,
                           DEFAULT, DEFAULT, '19930516', 'MANAGER');
INSERT INTO MEMBER VALUES ('USER04', '이찬혁', 'WsvHAivHjSwgRU7AjxH9zDih+kJMntnTeAfmRGiz7to=', 'brothersuhyun@naver.com',
                           '01011112222', SYSDATE, NULL,
                           DEFAULT, DEFAULT, '19860912', 'MEMBER');
INSERT INTO MEMBER VALUES ('USER05', '아누팜', 'h3mTm2nkHumfG79wY7BcppbB4yyJF4jaWq8usMfRHiU=', 'salAli@naver.com',
                           '01012121212', SYSDATE, NULL,
                           DEFAULT, DEFAULT, '19881102', 'MEMBER');                        

                            

-- 주소 ADDRESS INSERT
INSERT INTO ADDRESS VALUES (1, 'USER01', '서울시 어쩌구', '202동 1302호', '집');
INSERT INTO ADDRESS VALUES (2, 'USER01', '서울시 어쩌구', '202동 1302호', '회사');
INSERT INTO ADDRESS VALUES (1, 'USER02', '서울시 어쩌구', '202동 1302호', '집');
INSERT INTO ADDRESS VALUES (2, 'USER02', '서울시 어쩌구', '202동 1302호', '회사');
INSERT INTO ADDRESS VALUES (1, 'USER04', '서울시 어쩌구', '202동 1302호', '집');
INSERT INTO ADDRESS VALUES (2, 'USER04', '서울시 어쩌구', '202동 1302호', '회사');
INSERT INTO ADDRESS VALUES (1, 'USER05', '서울시 어쩌구', '202동 1302호', '집');
INSERT INTO ADDRESS VALUES (2, 'USER05', '서울시 어쩌구', '202동 1302호', '회사');

-- 게시판 카테고리 BOARD_CATEGORY INSERT
INSERT INTO BOARD_CATEGORY VALUES (1, '공지사항'); 
INSERT INTO BOARD_CATEGORY VALUES (2, 'FAQ'); 
INSERT INTO BOARD_CATEGORY VALUES (3, '리셀'); 

-- 게시판(FAQ) BOARD_FAQ INSERT
INSERT INTO BOARD VALUES (SEQ_BOARD_CODE.NEXTVAL, 'USER03', 2, '상품 구매는 어떻게 하나요?',
                            '서비스 가입 후 로그인 한 회원은 누구나 상품을 구매할 수 있습니다. 
                            상품을 검색하고, 원하는 사이즈를 선택한 후 구매 버튼을 누르면 즉시 구매 혹은 구매 입찰이 가능합니다. 
                            즉시 구매하거나 입찰 후 거래가 체결되면 판매자가 상품을 검수 센터로 전달하여 검수를 진행하게 되며, 검수를 합격한 상품은 구매자에게 안전하게 배송됩니다.', 
                            SYSDATE, DEFAULT, 1);
INSERT INTO BOARD VALUES (SEQ_BOARD_CODE.NEXTVAL, 'USER03', 2, '결제는 언제 진행되나요?',
                            '구매 입찰을 통해 구매 희망가를 제시하신 경우, 해당 가격에 판매를 원하는 판매자가 판매 희망가를 등록하면 해당 시점에 바로 일시불로 결제가 진행됩니다. 
                            즉시 구매는 바로 결제가 진행됩니다.', 
                            SYSDATE, DEFAULT, 2);
INSERT INTO BOARD VALUES (SEQ_BOARD_CODE.NEXTVAL, 'USER03', 2, '배송 주소 변경은 어떻게 하나요?',
                            '구매 입찰 중인 주문은 언제든지 "입찰 변경하기" 버튼을 선택하여 주소를 변경하실 수 있습니다. 
                            구매 진행 중인 주문은 해당 주문의 상세화면에서 진행 상황이 <대기 중 / 발송완료 / 입고완료>인 경우 배송 주소에서 "배송지 변경" 버튼으로 변경 가능합니다.', 
                            SYSDATE, DEFAULT, 3);
INSERT INTO BOARD VALUES (SEQ_BOARD_CODE.NEXTVAL, 'USER03', 2, '구매한 상품을 반품할 수 있나요?',
                            '원칙적으로는 검수 합격을 한 상품에 대하여 반품이 불가능 합니다. 
                            사이즈 선택 실수나 단순 변심의 경우에는 THE SHOES에서 다시 판매하실 수 있습니다.', 
                            SYSDATE, DEFAULT, 4);                            
INSERT INTO BOARD VALUES (SEQ_BOARD_CODE.NEXTVAL, 'USER03', 2, '국내 발매 상품인지 확인하고 싶어요.',
                            'THE SHOES에서는 정품이고 새상품이면 발매 국가가 어디인지와 상관없이 거래가 가능합니다. 
                            구매하신 상품이 국내 발매 상품인지 여부(나이키코리아탭/아디다스코리아탭/컨버스코리아탭 등)는 확인이 어려우며, 
                            해당 사유로 인한 구매 취소는 불가능합니다.', 
                            SYSDATE, DEFAULT, 5);        
                            

-- 댓글 COMMENTS INSERT
INSERT INTO COMMENTS VALUES (SEQ_COMMENTS_CODE.NEXTVAL, SEQ_BOARD_CODE.CURRVAL, '판매되었나요?',
                                DEFAULT, SYSDATE);
INSERT INTO COMMENTS VALUES (SEQ_COMMENTS_CODE.NEXTVAL, SEQ_BOARD_CODE.CURRVAL, '구매하고 싶어요~~',
                                DEFAULT, SYSDATE);
INSERT INTO COMMENTS VALUES (SEQ_COMMENTS_CODE.NEXTVAL, SEQ_BOARD_CODE.CURRVAL, '구매 가능할까요??',
                                DEFAULT, SYSDATE);
INSERT INTO COMMENTS VALUES (SEQ_COMMENTS_CODE.NEXTVAL, SEQ_BOARD_CODE.CURRVAL, '<광고> 여기가 더 싸요!! https://www.naver.com/ ',
                                DEFAULT, SYSDATE);
INSERT INTO COMMENTS VALUES (SEQ_COMMENTS_CODE.NEXTVAL, SEQ_BOARD_CODE.CURRVAL, '비밀입니다~~~!',
                                'N', SYSDATE);
                         
-- 신발 카테고리 INSERT
INSERT INTO SHOES_CATEGORY VALUES(1, '나이키');
INSERT INTO SHOES_CATEGORY VALUES(2, '스캇');
INSERT INTO SHOES_CATEGORY VALUES(3, '사카이');
INSERT INTO SHOES_CATEGORY VALUES(4, 'Jordan');
INSERT INTO SHOES_CATEGORY VALUES(5, 'Dunk');

-- 신발 정보 INSERT
INSERT INTO SHOES_INFO VALUES(SEQ_SHOES_CODE.NEXTVAL, SEQ_SHOES_CATEGORY_CODE.NEXTVAL, 'Billie Eilish',
                                189000, DEFAULT, 10, 10 , '21/10/22' , '21/10/23', '21/10/23', DEFAULT);
INSERT INTO SHOES_INFO VALUES(SEQ_SHOES_CODE.NEXTVAL, SEQ_SHOES_CATEGORY_CODE.NEXTVAL, 'NYC Cool Grey',
                                179000, DEFAULT, 10, 10 , '21/10/25' , '21/10/26', '21/10/26', DEFAULT);
INSERT INTO SHOES_INFO VALUES(SEQ_SHOES_CODE.NEXTVAL, SEQ_SHOES_CATEGORY_CODE.NEXTVAL, 'Prototype',
                                199000, DEFAULT, 10, 10 , '21/10/25' , '21/10/26', '21/10/26', DEFAULT);
INSERT INTO SHOES_INFO VALUES(SEQ_SHOES_CODE.NEXTVAL, SEQ_SHOES_CATEGORY_CODE.NEXTVAL, 'Nets',
                                119000, DEFAULT, 10, 10 , '21/10/26' , '21/10/27', '21/10/27', DEFAULT);
INSERT INTO SHOES_INFO VALUES(SEQ_SHOES_CODE.NEXTVAL, SEQ_SHOES_CATEGORY_CODE.NEXTVAL, '한글날',
                                139000, DEFAULT, 10, 10 , '21/10/28' , '21/10/29', '21/10/29', DEFAULT);
                            
-- 리셀 게시판 INSERT
INSERT INTO BOARD VALUES (SEQ_BOARD_CODE.NEXTVAL, 'USER01', 3, '나이키', '나이키 신발', TO_DATE('10-08-2021 19:00:11', 'MM-DD-YYYY HH24:MI:SS'), 10, 1); 
INSERT INTO BOARD VALUES(SEQ_BOARD_CODE.NEXTVAL, 'USER01', 3, '스캇', '스캇 신발', TO_DATE('10-08-2021 19:00:11', 'MM-DD-YYYY HH24:MI:SS'), 10, 2);
INSERT INTO BOARD VALUES(SEQ_BOARD_CODE.NEXTVAL, 'USER01', 3, '사카이', '사카이 신발', TO_DATE('10-08-2021 19:00:11', 'MM-DD-YYYY HH24:MI:SS'), 10, 3); 
INSERT INTO BOARD VALUES(SEQ_BOARD_CODE.NEXTVAL, 'USER01', 3, '조던', '조던 신발', TO_DATE('10-08-2021 19:00:11', 'MM-DD-YYYY HH24:MI:SS'), 10, 4); 
INSERT INTO BOARD VALUES(SEQ_BOARD_CODE.NEXTVAL, 'USER01', 3, '덩크', '덩크 신발', TO_DATE('10-08-2021 19:00:11', 'MM-DD-YYYY HH24:MI:SS'), 10, 5); 
                            
-- 응모내역 EVENT
-- 응모상태 (1:미당첨, 2:구매안함, 3:구매/상품준비중, 4:배송중, 5:배송완료)
INSERT INTO EVENT VALUES (SEQ_EVENT_CODE.NEXTVAL, 'USER01', SEQ_SHOES_CODE.CURRVAL, SYSDATE, 1, '1');
INSERT INTO EVENT VALUES (SEQ_EVENT_CODE.NEXTVAL, 'USER01', SEQ_SHOES_CODE.CURRVAL, SYSDATE, 2, '2');
INSERT INTO EVENT VALUES (SEQ_EVENT_CODE.NEXTVAL, 'USER02', SEQ_SHOES_CODE.CURRVAL, SYSDATE, 3, '3');
INSERT INTO EVENT VALUES (SEQ_EVENT_CODE.NEXTVAL, 'USER02', SEQ_SHOES_CODE.CURRVAL, SYSDATE, 4, '4');
INSERT INTO EVENT VALUES (SEQ_EVENT_CODE.NEXTVAL, 'USER04', SEQ_SHOES_CODE.CURRVAL, SYSDATE, 5, '5');
INSERT INTO EVENT VALUES (SEQ_EVENT_CODE.NEXTVAL, 'USER04', SEQ_SHOES_CODE.CURRVAL, SYSDATE, 6, '1');
INSERT INTO EVENT VALUES (SEQ_EVENT_CODE.NEXTVAL, 'USER05', SEQ_SHOES_CODE.CURRVAL, SYSDATE, 7, '2');
INSERT INTO EVENT VALUES (SEQ_EVENT_CODE.NEXTVAL, 'USER05', SEQ_SHOES_CODE.CURRVAL, SYSDATE, 8, '3');                            

-- 신발 파일 INSERT
INSERT INTO SHOES_FILE VALUES ('Billie Eilish(1).jpg',1);
INSERT INTO SHOES_FILE VALUES ('Billie Eilish(2).jpg',1);
INSERT INTO SHOES_FILE VALUES ('Billie Eilish(3).jpg',1);
INSERT INTO SHOES_FILE VALUES ('Billie Eilish(4).jpg',1);
INSERT INTO SHOES_FILE VALUES ('Billie Eilish(5).jpg',1);
INSERT INTO SHOES_FILE VALUES ('Billie Eilish(6).jpg',1);

INSERT INTO SHOES_FILE VALUES ('NYC Cool Grey_1.jpg',2);
INSERT INTO SHOES_FILE VALUES ('NYC Cool Grey_2.jpg',2);
INSERT INTO SHOES_FILE VALUES ('NYC Cool Grey_3.jpg',2);
INSERT INTO SHOES_FILE VALUES ('NYC Cool Grey_4.jpg',2);
INSERT INTO SHOES_FILE VALUES ('NYC Cool Grey_5.jpg',2);
INSERT INTO SHOES_FILE VALUES ('NYC Cool Grey_6.jpg',2);

INSERT INTO SHOES_FILE VALUES ('Prototype_1.jpg',3);
INSERT INTO SHOES_FILE VALUES ('Prototype_2.jpg',3);
INSERT INTO SHOES_FILE VALUES ('Prototype_3.jpg',3);
INSERT INTO SHOES_FILE VALUES ('Prototype_4.jpg',3);
INSERT INTO SHOES_FILE VALUES ('Prototype_5.jpg',3);
INSERT INTO SHOES_FILE VALUES ('Prototype_6.jpg',3);

INSERT INTO SHOES_FILE VALUES ('PNets_1.jpg',4);
INSERT INTO SHOES_FILE VALUES ('PNets_2.jpg',4);
INSERT INTO SHOES_FILE VALUES ('PNets_3.jpg',4);
INSERT INTO SHOES_FILE VALUES ('PNets_4.jpg',4);
INSERT INTO SHOES_FILE VALUES ('PNets_5.jpg',4);
INSERT INTO SHOES_FILE VALUES ('PNets_6.jpg',4);

INSERT INTO SHOES_FILE VALUES ('한글날_1.jpg',5);
INSERT INTO SHOES_FILE VALUES ('한글날_2.jpg',5);
INSERT INTO SHOES_FILE VALUES ('한글날_3.jpg',5);
INSERT INTO SHOES_FILE VALUES ('한글날_4.jpg',5);
INSERT INTO SHOES_FILE VALUES ('한글날_5.jpg',5);
INSERT INTO SHOES_FILE VALUES ('한글날_6.jpg',5);

-- 신발 섬네일 INSERT
INSERT INTO SHOES_THUMB VALUES (1, 'Billie Eilish_thumbnail.jpg');
INSERT INTO SHOES_THUMB VALUES (2, 'NYC Cool Grey_thumbnail.jpg');
INSERT INTO SHOES_THUMB VALUES (3, 'Prototype_thumbnail.jpg');
INSERT INTO SHOES_THUMB VALUES (4, 'Nets_thumbnail.jpg');
INSERT INTO SHOES_THUMB VALUES (5, '한글날_thumbnail.jpg');   

-- 신발 사이즈
INSERT INTO SHOES_SIZE VALUES(230,1);
INSERT INTO SHOES_SIZE VALUES(235,1);
INSERT INTO SHOES_SIZE VALUES(240,1);
INSERT INTO SHOES_SIZE VALUES(245,1);
INSERT INTO SHOES_SIZE VALUES(250,1);
INSERT INTO SHOES_SIZE VALUES(255,1);
INSERT INTO SHOES_SIZE VALUES(260,1);
INSERT INTO SHOES_SIZE VALUES(265,1);
INSERT INTO SHOES_SIZE VALUES(270,1);
INSERT INTO SHOES_SIZE VALUES(275,1);
INSERT INTO SHOES_SIZE VALUES(280,1);
INSERT INTO SHOES_SIZE VALUES(285,1);
INSERT INTO SHOES_SIZE VALUES(290,1);
INSERT INTO SHOES_SIZE VALUES(295,1);
INSERT INTO SHOES_SIZE VALUES(300,1);

INSERT INTO SHOES_SIZE VALUES(230,2);
INSERT INTO SHOES_SIZE VALUES(235,2);
INSERT INTO SHOES_SIZE VALUES(240,2);
INSERT INTO SHOES_SIZE VALUES(245,2);
INSERT INTO SHOES_SIZE VALUES(250,2);
INSERT INTO SHOES_SIZE VALUES(255,2);
INSERT INTO SHOES_SIZE VALUES(260,2);
INSERT INTO SHOES_SIZE VALUES(265,2);
INSERT INTO SHOES_SIZE VALUES(270,2);
INSERT INTO SHOES_SIZE VALUES(275,2);
INSERT INTO SHOES_SIZE VALUES(280,2);
INSERT INTO SHOES_SIZE VALUES(285,2);
INSERT INTO SHOES_SIZE VALUES(290,2);
INSERT INTO SHOES_SIZE VALUES(295,2);
INSERT INTO SHOES_SIZE VALUES(300,2);

INSERT INTO SHOES_SIZE VALUES(230,3);
INSERT INTO SHOES_SIZE VALUES(235,3);
INSERT INTO SHOES_SIZE VALUES(240,3);
INSERT INTO SHOES_SIZE VALUES(245,3);
INSERT INTO SHOES_SIZE VALUES(250,3);
INSERT INTO SHOES_SIZE VALUES(255,3);
INSERT INTO SHOES_SIZE VALUES(260,3);
INSERT INTO SHOES_SIZE VALUES(265,3);
INSERT INTO SHOES_SIZE VALUES(270,3);
INSERT INTO SHOES_SIZE VALUES(275,3);
INSERT INTO SHOES_SIZE VALUES(280,3);
INSERT INTO SHOES_SIZE VALUES(285,3);
INSERT INTO SHOES_SIZE VALUES(290,3);
INSERT INTO SHOES_SIZE VALUES(295,3);
INSERT INTO SHOES_SIZE VALUES(300,3);

INSERT INTO SHOES_SIZE VALUES(230,4);
INSERT INTO SHOES_SIZE VALUES(235,4);
INSERT INTO SHOES_SIZE VALUES(240,4);
INSERT INTO SHOES_SIZE VALUES(245,4);
INSERT INTO SHOES_SIZE VALUES(250,4);
INSERT INTO SHOES_SIZE VALUES(255,4);
INSERT INTO SHOES_SIZE VALUES(260,4);
INSERT INTO SHOES_SIZE VALUES(265,4);
INSERT INTO SHOES_SIZE VALUES(270,4);
INSERT INTO SHOES_SIZE VALUES(275,4);
INSERT INTO SHOES_SIZE VALUES(280,4);
INSERT INTO SHOES_SIZE VALUES(285,4);
INSERT INTO SHOES_SIZE VALUES(290,4);
INSERT INTO SHOES_SIZE VALUES(295,4);
INSERT INTO SHOES_SIZE VALUES(300,4);

INSERT INTO SHOES_SIZE VALUES(230,5);
INSERT INTO SHOES_SIZE VALUES(235,5);
INSERT INTO SHOES_SIZE VALUES(240,5);
INSERT INTO SHOES_SIZE VALUES(245,5);
INSERT INTO SHOES_SIZE VALUES(250,5);
INSERT INTO SHOES_SIZE VALUES(255,5);
INSERT INTO SHOES_SIZE VALUES(260,5);
INSERT INTO SHOES_SIZE VALUES(265,5);
INSERT INTO SHOES_SIZE VALUES(270,5);
INSERT INTO SHOES_SIZE VALUES(275,5);
INSERT INTO SHOES_SIZE VALUES(280,5);
INSERT INTO SHOES_SIZE VALUES(285,5);
INSERT INTO SHOES_SIZE VALUES(290,5);
INSERT INTO SHOES_SIZE VALUES(295,5);
INSERT INTO SHOES_SIZE VALUES(300,5);

-- 공지사항 INSERT
INSERT INTO BOARD VALUES (SEQ_BOARD_CODE.NEXTVAL, 'USER03', 1, '1번 공지사항 제목', '1번 공지사항 내용'
                            ,SYSDATE, 0, 1);
INSERT INTO BOARD VALUES (SEQ_BOARD_CODE.NEXTVAL, 'USER03', 1, '2번 공지사항 제목', '2번 공지사항 내용'
                            ,SYSDATE, 0, 2);
INSERT INTO BOARD VALUES (SEQ_BOARD_CODE.NEXTVAL, 'USER03', 1, '3번 공지사항 제목', '3번 공지사항 내용'
                            ,SYSDATE, 0, 3);                            
INSERT INTO BOARD VALUES (SEQ_BOARD_CODE.NEXTVAL, 'USER03', 1, '4번 공지사항 제목', '4번 공지사항 내용'
                            ,SYSDATE, 0, 4);
INSERT INTO BOARD VALUES (SEQ_BOARD_CODE.NEXTVAL, 'USER03', 1, '5번 공지사항 제목', '5번 공지사항 내용'
                            ,SYSDATE, 0, 5);
INSERT INTO BOARD VALUES (SEQ_BOARD_CODE.NEXTVAL, 'USER03', 1, '6번 공지사항 제목', '6번 공지사항 내용'
                            ,SYSDATE, 0, 6);
INSERT INTO BOARD VALUES (SEQ_BOARD_CODE.NEXTVAL, 'USER03', 1, '7번 공지사항 제목', '7번 공지사항 내용'
                            ,SYSDATE, 0, 7);                            
INSERT INTO BOARD VALUES (SEQ_BOARD_CODE.NEXTVAL, 'USER03', 1, '8번 공지사항 제목', '8번 공지사항 내용'
                            ,SYSDATE, 0, 8);                            
INSERT INTO BOARD VALUES (SEQ_BOARD_CODE.NEXTVAL, 'USER03', 1, '9번 공지사항 제목', '9번 공지사항 내용'
                            ,SYSDATE, 0, 9);                            
INSERT INTO BOARD VALUES (SEQ_BOARD_CODE.NEXTVAL, 'USER03', 1, '10번 공지사항 제목', '10번 공지사항 내용'
                            ,SYSDATE, 0, 10);                            
INSERT INTO BOARD VALUES (SEQ_BOARD_CODE.NEXTVAL, 'USER03', 1, '11번 공지사항 제목', '11번 공지사항 내용'
                            ,SYSDATE, 0, 11);
                            

/* 신발 섬네일 데이터 */
INSERT INTO SHOES_THUMB VALUES (1, 'Billie Eilish_thumbnail.jpg');
INSERT INTO SHOES_THUMB VALUES (2, 'NYC Cool Grey_thumbnail.jpg');
INSERT INTO SHOES_THUMB VALUES (3, 'Prototype_thumbnail.jpg');
INSERT INTO SHOES_THUMB VALUES (4, 'Nets_thumbnail.jpg');
INSERT INTO SHOES_THUMB VALUES (5, '한글날_thumbnail.jpg');

/* 리셀 사진 파일 */
INSERT INTO RESELL_FILE VALUES ('Billie Eilish(1).jpg',1);
INSERT INTO RESELL_FILE VALUES ('Billie Eilish(2).jpg',1);
INSERT INTO RESELL_FILE VALUES ('Billie Eilish(3).jpg',1);
INSERT INTO RESELL_FILE VALUES ('Billie Eilish(4).jpg',1);
INSERT INTO RESELL_FILE VALUES ('Billie Eilish(5).jpg',1);
INSERT INTO RESELL_FILE VALUES ('Billie Eilish(6).jpg',1);

INSERT INTO RESELL_FILE VALUES ('NYC Cool Grey_1.jpg',2);
INSERT INTO RESELL_FILE VALUES ('NYC Cool Grey_2.jpg',2);
INSERT INTO RESELL_FILE VALUES ('NYC Cool Grey_3.jpg',2);
INSERT INTO RESELL_FILE VALUES ('NYC Cool Grey_4.jpg',2);
INSERT INTO RESELL_FILE VALUES ('NYC Cool Grey_5.jpg',2);
INSERT INTO RESELL_FILE VALUES ('NYC Cool Grey_6.jpg',2);

INSERT INTO RESELL_FILE VALUES ('Prototype_1.jpg',3);
INSERT INTO RESELL_FILE VALUES ('Prototype_2.jpg',3);
INSERT INTO RESELL_FILE VALUES ('Prototype_3.jpg',3);
INSERT INTO RESELL_FILE VALUES ('Prototype_4.jpg',3);
INSERT INTO RESELL_FILE VALUES ('Prototype_5.jpg',3);
INSERT INTO RESELL_FILE VALUES ('Prototype_6.jpg',3);

INSERT INTO RESELL_FILE VALUES ('PNets_1.jpg',4);
INSERT INTO RESELL_FILE VALUES ('PNets_2.jpg',4);
INSERT INTO RESELL_FILE VALUES ('PNets_3.jpg',4);
INSERT INTO RESELL_FILE VALUES ('PNets_4.jpg',4);
INSERT INTO RESELL_FILE VALUES ('PNets_5.jpg',4);
INSERT INTO RESELL_FILE VALUES ('PNets_6.jpg',4);

INSERT INTO RESELL_FILE VALUES ('한글날_1.jpg',5);
INSERT INTO RESELL_FILE VALUES ('한글날_2.jpg',5);
INSERT INTO RESELL_FILE VALUES ('한글날_3.jpg',5);
INSERT INTO RESELL_FILE VALUES ('한글날_4.jpg',5);
INSERT INTO RESELL_FILE VALUES ('한글날_5.jpg',5);
INSERT INTO RESELL_FILE VALUES ('한글날_6.jpg',5);

INSERT INTO RESELL_THUMB VALUES (1, 'Billie Eilish_thumbnail.jpg');
INSERT INTO RESELL_THUMB VALUES (2, 'NYC Cool Grey_thumbnail.jpg');
INSERT INTO RESELL_THUMB VALUES (3, 'Prototype_thumbnail.jpg');
INSERT INTO RESELL_THUMB VALUES (4, 'Nets_thumbnail.jpg');
INSERT INTO RESELL_THUMB VALUES (5, '한글날_thumbnail.jpg');

-- 고객문의 CS_BOARD
INSERT INTO CS_BOARD VALUES(SEQ_CS_BOARD_CODE.NEXTVAL, 'USER01', '배송이 왜 이렇게 느려요~~', '제가 찾으러 갈게요 그냥!!! 주소를 알려주시오!!',SYSDATE);
INSERT INTO CS_BOARD VALUES(SEQ_CS_BOARD_CODE.NEXTVAL, 'USER02', '더슈즈 짱!', '예쁜 거 많이 내주셔서 감사해요~~',SYSDATE);
INSERT INTO CS_BOARD VALUES(SEQ_CS_BOARD_CODE.NEXTVAL, 'USER04', '업무시간이 이상해요', '더슈즈 영업 시간에는 함정이 있다 두둥',SYSDATE);
INSERT INTO CS_BOARD VALUES(SEQ_CS_BOARD_CODE.NEXTVAL, 'USER05', '재입고 문의', '재입고 예정 날짜를 알고 싶어요ㅜㅜ',SYSDATE);
INSERT INTO CS_BOARD VALUES(SEQ_CS_BOARD_CODE.NEXTVAL, 'USER05', '제가 당첨자입니다 음하하', '여러분 싸라해여 제가 당첨이라니 더 슈즈 체고체고~!!!',SYSDATE);

-- 관심상품 WISHLIST
-- '추첨상태' 컬럼 삭제
INSERT INTO WISHLIST VALUES(SEQ_WISHLIST_CODE.NEXTVAL, 'USER01', 1);
INSERT INTO WISHLIST VALUES(SEQ_WISHLIST_CODE.NEXTVAL, 'USER02', 2);
INSERT INTO WISHLIST VALUES(SEQ_WISHLIST_CODE.NEXTVAL, 'USER04', 2);
INSERT INTO WISHLIST VALUES(SEQ_WISHLIST_CODE.NEXTVAL, 'USER04', 3);
INSERT INTO WISHLIST VALUES(SEQ_WISHLIST_CODE.NEXTVAL, 'USER05', 5);

-- 당첨자 WINNER
INSERT INTO WINNER VALUES('USER05', SEQ_EVENT_CODE.CURRVAL, DEFAULT, SYSDATE);
                            
COMMIT;